{
  "code": 0,
  "result": [
    {
      "code": "11200",
      "centerLatitude": 37.5510300429971,
      "centerLongitude": 127.041058792003,
      "name": "성동구",
      "nextCenterLatitude": 37.5510300429971,
      "nextCenterLongitude": 127.041058792003,
      "nextZoom": 15,
      "buildingCount": {
        "code": 11200,
        "count": 146
      },
      "clusterType": "Municipality",
      "geometry": [
        [
          [
            127.043413161546,
            37.5723371494445
          ],
          [
            127.041907618506,
            37.572968653679
          ],
          [
            127.038178452263,
            37.573020830373
          ],
          [
            127.038129972776,
            37.572265142106
          ],
          [
            127.037045740798,
            37.5722649057234
          ],
          [
            127.03564108265,
            37.5719984024616
          ],
          [
            127.034182695781,
            37.5713855846975
          ],
          [
            127.03256704017,
            37.5702369728122
          ],
          [
            127.031267073325,
            37.5698006166643
          ],
          [
            127.030289010796,
            37.5698078957655
          ],
          [
            127.027676021809,
            37.5704121655176
          ],
          [
            127.02727594777,
            37.5709128603611
          ],
          [
            127.026161781506,
            37.5712492837555
          ],
          [
            127.025740196788,
            37.5709112212601
          ],
          [
            127.024588471004,
            37.5710466000977
          ],
          [
            127.02339167465,
            37.5719072711941
          ],
          [
            127.023584604397,
            37.5651791058306
          ],
          [
            127.026785807204,
            37.5650404957658
          ],
          [
            127.026797023409,
            37.5642011682298
          ],
          [
            127.026512886567,
            37.563367534645
          ],
          [
            127.025948499201,
            37.5626254630301
          ],
          [
            127.024546744816,
            37.5618835549037
          ],
          [
            127.023350539999,
            37.5606635002139
          ],
          [
            127.023220371171,
            37.5599996120963
          ],
          [
            127.022787461722,
            37.5593675926235
          ],
          [
            127.022915409457,
            37.5578620697137
          ],
          [
            127.02192254634,
            37.5574765046557
          ],
          [
            127.020898749856,
            37.5578277838793
          ],
          [
            127.019577339464,
            37.55749547404
          ],
          [
            127.018040136947,
            37.556847824277
          ],
          [
            127.017339298877,
            37.5558621830379
          ],
          [
            127.017232480347,
            37.5549721901362
          ],
          [
            127.016858379178,
            37.5544716220635
          ],
          [
            127.016985890022,
            37.5536556504634
          ],
          [
            127.015982886937,
            37.5525889506669
          ],
          [
            127.013636428801,
            37.5504434510365
          ],
          [
            127.012422766624,
            37.5494913298961
          ],
          [
            127.012166904694,
            37.5494158952364
          ],
          [
            127.011595305028,
            37.548487924426
          ],
          [
            127.010588137471,
            37.5482689570667
          ],
          [
            127.009680155366,
            37.5478886337678
          ],
          [
            127.009098705931,
            37.5470515883854
          ],
          [
            127.009211966746,
            37.5463834417454
          ],
          [
            127.008712086609,
            37.5460151929148
          ],
          [
            127.008153294767,
            37.5450598950596
          ],
          [
            127.008917214754,
            37.5444761781183
          ],
          [
            127.009033330581,
            37.5439783727271
          ],
          [
            127.009033205751,
            37.5427347153256
          ],
          [
            127.008757323761,
            37.5420001445698
          ],
          [
            127.009209325871,
            37.5412748171474
          ],
          [
            127.009408974503,
            37.540033686792
          ],
          [
            127.009945477703,
            37.5393883137358
          ],
          [
            127.01148317861,
            37.5390089301131
          ],
          [
            127.012612576728,
            37.5393424850441
          ],
          [
            127.013217677757,
            37.5388846052042
          ],
          [
            127.013873782057,
            37.5390689625927
          ],
          [
            127.014093324724,
            37.5388127150949
          ],
          [
            127.014786168138,
            37.538797439539
          ],
          [
            127.015011841582,
            37.5383018679118
          ],
          [
            127.015673561495,
            37.5382691294589
          ],
          [
            127.016449434319,
            37.5378962480992
          ],
          [
            127.017530627057,
            37.5376522707316
          ],
          [
            127.017439683389,
            37.5339928448859
          ],
          [
            127.017747343834,
            37.5342484599174
          ],
          [
            127.021173138291,
            37.5358200377428
          ],
          [
            127.039679707241,
            37.5358401409224
          ],
          [
            127.040192888995,
            37.5357743726688
          ],
          [
            127.046010352782,
            37.5342606197242
          ],
          [
            127.049495350996,
            37.5322151352412
          ],
          [
            127.052078049329,
            37.5306223891319
          ],
          [
            127.055127050317,
            37.5286675811744
          ],
          [
            127.056219054415,
            37.5283238557059
          ],
          [
            127.058212198459,
            37.5319339286637
          ],
          [
            127.067465314947,
            37.5483294395486
          ],
          [
            127.073735263964,
            37.5594144305566
          ],
          [
            127.070856138196,
            37.5605840638464
          ],
          [
            127.058761159458,
            37.5623142564319
          ],
          [
            127.047955080001,
            37.5703808746511
          ],
          [
            127.043413161546,
            37.5723371494445
          ]
        ]
      ]
    },
    {
      "code": "41310",
      "centerLatitude": 37.5992278381954,
      "centerLongitude": 127.13123014207,
      "name": "구리시",
      "nextCenterLatitude": 37.5992278381954,
      "nextCenterLongitude": 127.13123014207,
      "nextZoom": 15,
      "buildingCount": {
        "code": 41310,
        "count": 78
      },
      "clusterType": "Municipality",